"Year","Month","Day","Hour","Minute","Forecast"
2018,3,26,6,0,48.6070877025269
2018,3,26,7,0,16.3516582270372
2018,3,26,8,0,26.2731330206489
2018,3,26,9,0,44.6793186404549
2018,3,26,10,0,54.2875523915904
2018,3,26,11,0,82.8223185057868
