"Forecasts","Actuals"
54.2875523915904,1.30104
54.2875523915904,0
54.2875523915904,1.30104
54.2875523915904,0
54.2875523915904,0
54.2875523915904,1.30104
144.311344341066,1.30104
86.2032506292683,47.76318
