"Forecasts","Actuals"
3.38128234499001,1.30104
86.1836984352004,78.23754
15.1247220574664,10.58346
33.9951238962862,1.30104
3.38128234499001,0
15.1247220574664,1.30104
39.9178147550953,0
11.621961547602,0
