"Forecasts","Actuals"
14.0794298618364,10.58346
14.0794298618364,1.30104
14.459823519238,78.23754
16.9127686777559,10.58346
14.0794298618364,1.30104
14.459823519238,0
14.0794298618364,1.30104
14.0794298618364,0
