"Forecasts","Actuals"
10.9280914859538,10.58346
10.9280914859538,1.30104
10.9280914859538,0
7.19986394441678,1.30104
10.9280914859538,0
10.9280914859538,0
31.103673488751,1.30104
35.5104244480862,1.30104
