"Forecasts","Actuals"
66.0084535933633,0
66.0084535933633,1.30104
66.0084535933633,0
66.0084535933633,0
66.0084535933633,1.30104
66.0084535933633,1.30104
49.8600713839917,47.76318
80.5644222624617,25.79562
