"Forecasts","Actuals"
28.1887565292093,78.23754
45.6593571932377,10.58346
40.933068709399,1.30104
37.8808119469749,0
45.6593571932377,1.30104
40.933068709399,0
25.5580534183415,0
25.5580534183415,1.30104
