correlation_coeff,rmse,nrmse,maxAE,mae,mbe
0.946477649,0.399001413,0.052500186,2.667833333,0.269188461,-0.024381541
